<?xml version="1.0"?>
<FileZilla3 version="3.20.1" platform="windows">
	<Layout Builddate="2016-08-03" Buildtime="17:47:24">
		<Resources>
			<xrc file="certificate.xrc" date="1470239328" />
			<xrc file="dialogs.xrc" date="1470239328" />
			<xrc file="inputdialog.xrc" date="1470239328" />
			<xrc file="menus.xrc" date="1470239328" />
			<xrc file="netconfwizard.xrc" date="1470239328" />
			<xrc file="quickconnectbar.xrc" date="1470239328" />
			<xrc file="settings.xrc" date="1470239328" />
			<xrc file="sitemanager.xrc" date="1470239328" />
			<xrc file="toolbar.xrc" date="1470239328" />
			<xrc file="update.xrc" date="1470239328" />
		</Resources>
		<Language id="zh_TW" date="1470239328">
			<Font font="0;-12;0;0;0;400;0;0;0;1;0;0;0;0;微軟正黑體" width="715" height="16" />
		</Language>
	</Layout>
</FileZilla3>
